<?xml version="1.0"?>
<palette guid="a95f014a-162c-4af1-ab70-16426376c0bc" name="Палитра документа"><colorspaces><cs name="PANTONE 802 C" fixedID="0" version="1500"><color cs="CMYK" tints="0.34902,0,0.6,0"/><color cs="RGB" tints="0.368627,0.878431,0.270588"/></cs><cs name="PANTONE 533 C" fixedID="1" version="1500"><color cs="CMYK" tints="0.94902,0.721569,0.14902,0.670588"/><color cs="RGB" tints="0.121569,0.164706,0.266667"/><color cs="LAB" tints="0.168627,0.513725,0.427451"/></cs></colorspaces><colors><page><color cs="PANTONE 802 C" name="PANTONE 802 C" tints="1"/><color cs="PANTONE 533 C" name="PANTONE 533 C" tints="1"/><color cs="CMYK" name="Белый" tints="0,0,0,0"/><color cs="CMYK" name="30% Черный" tints="0,0,0,0.3"/></page></colors></palette>
